Description,Amount
Payment Thank You Bill Pa,34690.79
LABCORP8008456167,319.2
AMAZON MKTPLACE PMTS,97.98
NH TURNPIKE EZ PASS,-0.75
AMAZON MKTPL*UX7H83L63,-1.19
CASH ADVANCE INTEREST CHA,-1.72
Kindle Svcs*RW3UC4NZ3,-1.99
MARKET BASKET 00000216,-2.38
DOVER 877-357-7100,-2.5
DUNKIN #340696,-2.92
City of Dover NH,-3.32
AMAZON MKTPL*NN86Y8ZQ2,-4.21
AEROPOSTALE  0176,-5.0
AMAZON MKTPL*PK3W908B3,-5.11
AMAZON MKTPL*NO9SS3AL2,-5.24
AMAZON MKTPL*NH5YT0CN1,-5.3
CITY OF DOVER NH PARKING,-5.640000000000001
AMAZON MKTPL*PB5A79V43,-5.86
AMAZON MKTPL*KC0TH3D83,-5.89
AMAZON MKTPL*S70PT7L53,-5.92
AMAZON MKTPL*BV3L70RL3,-6.34
DUNKIN #365202 Q35,-6.49
Amazon.com*AV7ZC79C3,-6.49
AMAZON MKTPL*IE4CA6P03,-6.62
AMAZON MKTPL*0J4468PN3,-6.84
AMAZON MKTPL*EP0SK8CK3,-6.95
TENDERCROP FARM AT THE R,-7.99
Amazon.com*N678R2QX0,-8.07
AMAZON MKTPL*FJ70W5E43,-8.99
CKE*BREAKAWAY CAFE DOVER,-9.82
AMAZON MKTPL*AY2D82O93,-10.18
Amazon.com*NI9CX92R1,-10.91
DUNKIN #358769,-10.94
PANERA BREAD #203434 K,-11.88
PP*P36C045FDB,-11.99
PP*SPOTIFY*P37A61D9C6,-11.99
PP*P35D1ECDFF,-11.99
AMAZON MKTPL*6F41O4SG3,-11.99
AMAZON MKTPL*NA5861BD0,-12.34
LS NOGGIN FACTORY  LL,-12.98
AMAZON MKTPL*NB7KP1R10,-12.99
AMAZON MKTPL*N35E30O21,-13.49
AMAZON MKTPL*NB9D29VP2,-13.49
AMAZON MKTPL*ZE4CU6QH1,-14.48
AMAZON MKTPL*NB5CC3GX1,-14.99
Amazon Prime*ZC6QE4GV2,-14.99
AMAZON MKTPL*NA2MU8S01,-14.99
AMAZON PRIME*NQ2A27N92,-14.99
AMAZON PRIME*S06DK3VX3,-14.99
AMAZON PRIME*9J4L06PS3,-14.99
AMAZON PRIME*NZ5KJ0A50,-14.99
AMAZON PRIME*9D0ZE6EE3,-14.99
SQ *ME &amp; OLLIES CAFE,-15.18
Etsy.com*Multiple Shop,-15.19
Amazon.com*KR89Z83N3,-15.27
JANETOS MARKET,-15.35
Amazon.com*NW9WO8KA2,-15.4
AMAZON MKTPL*YV1TM37I3,-15.74
AMAZON MKTPL*NO6EG7GB1,-15.99
WASHVILLE CARWASH - SOMER,-16.0
WHITE WATER CAR WASH,-16.0
Amazon.com*ZD40N3J52,-16.65
Amazon.com*OU7MD2XZ3,-16.65
AMAZON MKTPL*EW3GE7JX3,-16.89
Amazon.com*N62EG2Q50,-17.07
Amazon.com*NA41J1QY2,-17.09
AMAZON MKTPL*EH5449BM3,-17.09
AMAZON MKTPL*NN56T03B2,-17.25
Amazon.com*NB1NX7V62,-17.37
Amazon.com*N314Z0O91,-17.37
Amazon.com*ZD4EN6BK0,-17.8
Amazon.com*N68M29AH2,-17.96
Amazon.com*NO6OV1AW0,-17.99
AMAZON MKTPL*N369E1FG1,-17.99
Amazon.com*2V6ZL18O3,-18.37
Amazon.com*5D2PU9AC3,-18.41
Amazon.com*637V29EJ3,-18.44
Amazon.com*DU2RA16D3,-18.44
Amazon.com*NQ7D969W2,-18.44
Amazon.com*FC3Y94BA3,-18.44
AMAZON MKTPL*N27R51951,-18.97
Amazon.com*Z78VA5TI0,-19.09
Amazon.com*Z506Y1SV1,-19.09
MARKET BASKET 00000562,-19.36
THE POKEMON COMPANY IN,-19.99
PAYPAL *UDEMY,-19.99
NHSTATEPARKS,-20.0
CVS/PHARMACY #10463,-20.13
TME*brainPLAY,-20.5
CHICK-FIL-A #05321,-20.55
TST*6AM HEALTH BARRINGTO,-21.0
Amazon.com*8M00R7RY3,-21.11
Amazon.com*LJ2ZC4QM3,-21.35
Amazon.com*AZ3JR7VE3,-21.35
Amazon.com*N353P6B32,-21.35
AMAZON MKTPL*NZ7D76BA0,-21.5
AMAZON MKTPL*N61JZ6I71,-21.61
Amazon.com*0N80U5W43,-21.74
AMAZON MKTPL*QW06B8333,-21.94
AMAZON MKTPL*N369O6FU1,-21.99
Amazon.com*NB8H34SZ2,-22.56
AMZN Mktp US*Z758V2QC1,-22.7
SQ *COWLICK'S DAIRY BAR,-22.79
Amazon.com*ZE6JW4YI1,-22.9
PLAYITAGAINSP #11704,-22.97
AMAZON MKTPL*ZV8VI1T12,-22.99
AMAZON MKTPL*ZD7DV0J02,-24.08
Amazon.com*N350W7B72,-24.74
AMAZON MKTPL*6W5C01MJ3,-24.99
WHOLE LIFE HEALTH CARE PA,-25.0
MARKET BASKET 00000364,-25.33
LAFESTA BRICK &amp; BREW P,-25.44
TME*Highlights High Fi,-25.5
AMAZON MKTPL*HR4IG91R3,-25.98
AMAZON MKTPL*DH2VJ8UX3,-26.1
AMAZON MKTPL*N67GT7K21,-26.1
AMAZON MKTPL*NN7M46QN1,-26.1
Amazon.com*ZP30W3RQ2,-26.37
AMAZON MKTPL*UQ9MN8DS3,-26.5
COLLINSSPO* DOVER BASE,-26.75
AMAZON MKTPL*Z73CJ3S12,-26.95
AMAZON MKTPL*HX7WP7QM3,-26.99
TST* 6AM HEALTH BARRINGTO,-27.0
Amazon.com*NB9PX7V62,-27.13
Amazon.com*D792F8V23,-27.64
MCDONALD'S F1719,-28.22
Kindle Svcs*7W3DM0QU3,-28.99
MARKET BASKET 00000810,-29.34
Amazon.com*ZE70L4YP1,-29.71
MCDONALD'S F17371,-29.79
AMAZON MKTPL*Z73F60DO2,-29.84
Amazon.com*NQ4D34E11,-29.99
Amazon.com*N62X02KW1,-30.0
Amazon.com*MC4JZ9463,-30.0
Amazon.com*ZP59O7SL0,-30.0
STAPLES       00111005,-30.96
AMAZON MKTPL*7C2YK3OZ3,-31.15
AMAZON MKTPL*NW9CB1RV1,-31.18
AMAZON MKTPL*E26D72K93,-31.74
Amazon.com*N65O68RI1,-31.99
AMAZON MKTPL*ZC35R3031,-32.4
Amazon.com*ZP3TY0XY0,-32.7
AMAZON MKTPL*N391M6FP1,-32.98
AMAZON MKTPL*X47128HD3,-34.19
SAVERS - 1164,-35.870000000000005
PP*SPOTIFYUSAI,-35.97
DUNKIN #355701,-37.6
AMAZON MKTPL*G464D9N13,-37.77
AMAZON MKTPL*626QL68Y3,-38.04
AMAZON MKTPL*NN0U06F10,-38.99
SOMERSWORTH ONE STOP,-39.91
AMAZON MKTPL*SU95M50F3,-39.97
Amazon.com*484O97SC3,-40.0
HILLTOP FUN CENTER,-40.0
WM SUPERCENTER #1749,-40.89
WP*Northeastern Ballet,-41.01
PAYPAL *MY SCHOOL L,-42.0
HOBBY LOBBY #721,-43.489999999999995
BUTTERNUT FARM LLC,-43.86
TOWN OF DOVER-RECYCLING O,-44.0
WF *WAYFAIR4312188162,-44.12000000000003
PAYPAL *AEDIRECTCOL,-44.94999999999999
PATTY B'S,-46.52
AMAZON MKTPL*NI4BS99H1,-46.99
EXXON BARRINGTON APPLE,-47.68
AMAZON MKTPL*F66ZH5CN3,-47.7
AMAZON MKTPL*NZ47155G1,-47.7
BARRINGTON APPLEGREENS,-49.71
CIRCLE K 07225,-50.54
DOVER IRVING,-50.98
RITE AID 10295,-52.63999999999999
EXXON PORTSMOUTH MART,-52.91
AMAZON MKTPL*NW3M82RL1,-53.86
SUNOCO 0267962900,-54.2
STRAFFORD CTY CONSERV,-56.0
9060 GREAT CLIPS AT SHAWS,-56.0
Amazon.com*Z791U7AK1,-56.99
AMAZON MKTPL*NH5330G02,-56.99
Amazon.com*XZ4L93JJ3,-58.89
AMAZON MKTPL*NY9I58E13,-60.42
TRACTOR SUPPLY CO #1638,-61.86
JOANN STORES #266,-63.31
SHELL OIL 57544913700,-64.84
AMAZON MKTPL*NO4RB0ZL1,-64.97
PAYPAL *JCPENNEY.CO,-64.99
SQ *THE THREE MAPLES RENA,-65.0
PAYPAL *WEARPEPPER. WEARP,-65.0
Amazon.com*N69TR9IC0,-65.49
ETSY  INC.,-66.73
PAYPAL *OLD NAVY,-67.47
DURHAM EVANGELICAL,-68.0
Subway 51399,-72.29
JCPENNEY 2250,-73.8
AMAZON MKTPL*NO8Q56AH2,-79.0
AMAZON MKTPL*XO2YB9DZ3,-79.98
AMAZON MKTPL*NZ3PO2PF0,-79.98
AMAZON MKTPL*ZG2DK87X0,-79.98
ZAP*ZAPPOS.COM,-80.0
TOYS FROM THE ATTIC,-80.0
AMAZON MKTPL*NO87F8PE2,-80.3
ROCHESTER OPERA HOUSE,-85.0
DESTINATION LIGHTING,-88.8
AMAZON MKTPL*N68D12WP0,-90.0
BREEZELINE,-92.21
eBay O*21-12534-73881,-95.95
PAYPAL *EBAY 800-456-3229,-97.51
WENTWORTH GREENHOUSES INC,-98.32
AMAZON MKTPL*N26XZ39L1,-99.96
PAYPAL *BRECKS,-104.9
PAYPAL *EBAY US,-109.4
FSP*WHITE MOUNTAIN POOL A,-111.5
SQ *NORTH WIND HANDCRAFT,-113.0
THAI TASTE,-117.41
CITY OF DOVER  NH,-120.0
SQ *FULL MOON GAMING,-121.0
HANNAFORD #8440,-121.78
HOMEDEPOT.COM,-121.99
ION HEALTH,-122.4
WF *WAYFAIR4369415842,-122.99
REDS SHOE BARN,-124.99
INTUIT *TURBOTAX,-129.0
THE HOME DEPOT 3409,-134.64
WAL-MART #1749,-141.66
PAYPAL *NUTSDOTCOM,-146.14999999999998
HOMESCHOOL BOSS,-150.0
PANERA BREAD #203434 P,-150.67
A. L. PRIME DOVER,-156.8
WAL-MART #2398,-159.0
AMAZON MKTPL*O19IY0763,-159.95
TARGET        00021824,-162.57
AUBUCHON HARDWARE,-162.97
SQ *PINNACLE BODY PIERCIN,-166.8
ORIENTAL DELIGHT,-178.24
FRONTIERSDONATE,-180.0
CIRCLE K # 07264,-183.03
DOVER BASEBALL,-193.5
THE HOME DEPOT #8931,-198.78
Kahuna Laguna,-210.0
SULLIVAN TIRE #21,-226.99
SPAULDING CITGO,-241.9
THE CAT DOCTOR OF DOVER,-243.16
CIRCLE K 07241,-245.81
CM INSTITUTE,-249.0
TRADER JOE S #520,-258.33
OLD NAVY US 6194,-290.4
CPP*ORYA,-300.0
TRACTOR SUPPLY #2679,-310.59
THE HOME DEPOT 8931,-323.67
DOMINO'S 3215,-355.61
WORLD VISION DONATION,-384.0
MARANATHA,-390.0
ST. THOMAS AQUINAS HIGH,-400.0
TASTE OF INDIA INC,-411.81
VETERINARY EMERGENCY CRI,-436.24
WWW.ELEMENTALMEDNH.COM,-455.0
U-HAUL AT CENTRAL AVE,-470.75
ALDI 73092 NEWINGTON,-500.26
COMPASSION INTERNATION,-516.0
SIMPLY CHIROPRACTIC ME,-649.0
NORTHEASTERN BALLET TH,-659.8399999999999
GOODVIBESCHIROPRACTIC,-960.0
HANNAFORD #8373,-1025.68
HANNAFORD #8242,-1187.44
BBTM   *Portsmouth CA,-1260.6299999999999
AAMCO TRANSMISSIONS,-4421.1
ALDI 73101 DOVER,-5706.0599999999995
